frame,eye,cx,cy,major,minor,angle,iris_area,sclera_area,confidence,status
1,L,1403.1,646.3,163.4,237.4,88.7,24533,18639,0.67,learned_ok
1,R,699.9,678.4,142.2,211.7,97.7,21628,11886,0.692,learned_ok
2,L,1393.4,647.3,166.3,239.9,95.6,24681,19709,0.67,learned_ok
2,R,700.9,682.3,139.2,219.0,90.7,21498,11496,0.693,learned_ok
3,L,1390.8,650.8,149.9,248.2,95.4,23862,19208,0.665,learned_ok
3,R,703.4,683.1,132.6,226.7,94.7,21559,11383,0.696,learned_ok
4,L,1397.7,648.7,160.6,257.2,88.4,24579,18309,0.668,learned_ok
4,R,702.2,683.6,134.2,225.3,93.7,20899,11704,0.696,learned_ok
5,L,1393.9,649.5,156.9,249.1,94.6,25057,18912,0.665,learned_ok
5,R,700.7,682.9,131.6,239.2,91.6,22384,10853,0.699,learned_ok
6,L,1389.0,648.3,157.9,254.8,90.1,24488,19492,0.664,learned_ok
6,R,696.9,687.5,129.7,229.9,93.3,21394,11053,0.694,learned_ok
7,L,1387.2,649.2,181.5,240.4,88.5,27560,20050,0.66,learned_ok
7,R,701.5,691.9,134.4,239.1,92.5,21828,10393,0.693,learned_ok
8,L,1391.8,652.3,158.0,255.2,85.9,27936,18366,0.656,learned_ok
8,R,702.3,692.7,138.0,235.0,92.4,22384,11096,0.687,learned_ok
9,L,1391.7,647.2,164.8,282.3,85.1,30576,17683,0.658,learned_ok
9,R,701.2,694.9,134.0,233.2,96.5,21863,10549,0.689,learned_ok
10,L,1390.6,649.7,167.8,280.6,81.2,29939,18059,0.659,learned_ok
10,R,701.3,694.4,135.5,232.6,94.7,22427,10862,0.687,learned_ok
11,L,1388.7,649.9,162.8,258.2,88.1,28698,18582,0.661,learned_ok
11,R,698.7,695.8,134.3,232.8,94.6,22158,11061,0.685,learned_ok
12,L,1383.6,655.2,160.8,257.7,92.3,27447,17638,0.66,learned_ok
12,R,705.0,692.3,131.8,255.7,84.9,23790,10480,0.689,learned_ok
13,L,1382.5,650.3,168.3,245.1,89.2,26991,18286,0.659,learned_ok
13,R,704.2,690.4,131.7,249.9,86.2,23148,10836,0.691,learned_ok
14,L,1386.7,645.4,159.6,261.7,84.0,28721,15919,0.662,learned_ok
14,R,702.2,689.0,133.6,246.1,86.6,22974,10931,0.691,learned_ok
15,L,1385.0,645.2,163.9,254.5,86.0,29859,16374,0.663,learned_ok
15,R,702.2,688.1,134.9,252.9,84.6,23808,10332,0.694,learned_ok
16,L,1378.7,649.7,161.9,239.3,88.5,27822,18241,0.661,learned_ok
16,R,699.1,689.0,134.5,251.5,81.1,23669,10454,0.694,learned_ok
17,L,1379.9,650.9,169.8,233.2,81.4,27264,19561,0.66,learned_ok
17,R,697.9,690.8,137.5,247.0,83.3,24476,10454,0.693,learned_ok
18,L,1375.6,651.0,164.1,256.2,92.6,28914,17922,0.655,learned_ok
18,R,693.3,698.3,128.8,237.7,90.7,22236,10471,0.688,learned_ok
19,L,1378.1,652.6,169.2,235.5,94.0,28152,18605,0.657,learned_ok
19,R,699.9,694.7,134.5,255.2,83.5,24068,10957,0.689,learned_ok
20,L,1380.2,651.6,172.0,236.2,91.1,28289,18707,0.66,learned_ok
20,R,696.6,695.5,129.1,241.7,90.0,23261,10975,0.688,learned_ok
21,L,1382.2,644.5,185.1,237.8,95.1,29472,20437,0.667,learned_ok
21,R,701.6,692.6,137.4,248.8,88.8,23530,11400,0.686,learned_ok
22,L,1391.5,642.7,170.6,252.6,83.8,28004,19356,0.667,learned_ok
22,R,704.3,687.2,140.0,239.8,90.6,22618,12147,0.689,learned_ok
23,L,1395.2,637.2,170.8,248.1,88.9,28949,17831,0.668,learned_ok
23,R,704.6,683.1,139.5,233.1,91.6,22540,12347,0.691,learned_ok
24,L,1394.0,636.8,161.8,254.4,87.8,28653,17103,0.669,learned_ok
24,R,702.9,681.0,140.3,227.8,90.0,21533,12772,0.689,learned_ok
25,L,1395.2,634.4,165.2,255.2,91.4,27515,17455,0.666,learned_ok
25,R,705.3,678.2,141.4,227.7,91.7,21681,13137,0.688,learned_ok
26,L,1391.1,636.3,156.6,250.3,94.3,27094,16409,0.662,learned_ok
26,R,704.1,682.6,135.1,234.3,96.1,20691,12815,0.69,learned_ok
27,L,1395.4,635.0,164.0,251.7,88.0,27549,17319,0.659,learned_ok
27,R,703.2,683.2,136.4,237.4,92.8,20682,12338,0.685,learned_ok
28,L,1401.1,638.9,155.0,257.0,91.0,26718,16875,0.664,learned_ok
28,R,703.2,676.3,146.6,225.5,96.2,23139,12347,0.694,learned_ok
29,L,1399.2,639.6,166.5,264.1,96.2,28289,15635,0.658,learned_ok
29,R,706.6,678.9,149.6,227.3,95.4,22870,12199,0.698,learned_ok
30,L,1402.2,641.6,157.8,266.5,90.4,27833,16636,0.662,learned_ok
30,R,705.7,680.1,144.6,232.7,92.7,22844,11574,0.697,learned_ok
31,L,1407.2,639.1,159.8,251.0,93.5,27208,16329,0.67,learned_ok
31,R,708.7,684.8,135.6,223.1,97.4,19970,12867,0.689,learned_ok
32,L,1407.5,635.2,160.1,252.4,92.8,28687,16374,0.668,learned_ok
32,R,706.1,684.0,133.5,223.0,101.0,19319,13058,0.687,learned_ok
33,L,1404.8,635.7,156.6,257.8,91.3,27526,16795,0.673,learned_ok
33,R,706.7,681.2,131.3,221.5,97.4,19310,12703,0.688,learned_ok
34,L,1403.3,632.3,159.3,249.3,91.2,27993,17501,0.675,learned_ok
34,R,706.2,678.5,136.9,216.2,95.1,20404,12694,0.681,learned_ok
35,L,1401.5,633.2,159.3,246.7,90.6,26730,18969,0.67,learned_ok
35,R,699.0,678.2,127.6,237.6,94.5,19805,12685,0.681,learned_ok
36,L,1398.1,632.3,153.6,247.6,88.3,27060,19629,0.665,learned_ok
36,R,696.8,674.8,131.6,224.1,101.0,20647,12590,0.678,learned_ok
37,L,1402.3,633.5,151.0,252.7,82.6,26912,18764,0.671,learned_ok
37,R,694.2,673.4,133.2,214.1,103.5,20178,13614,0.671,learned_ok
38,L,1398.2,633.2,148.6,265.8,83.9,27139,18457,0.667,learned_ok
38,R,694.9,669.3,135.8,218.1,98.8,21012,12477,0.676,learned_ok
39,L,1387.5,632.8,151.7,245.6,87.0,25922,19356,0.669,learned_ok
39,R,690.9,667.6,138.8,227.2,98.2,22393,12095,0.679,learned_ok
40,L,1383.0,632.0,151.9,256.9,84.3,27219,19731,0.666,learned_ok
40,R,689.1,668.7,136.4,235.4,97.3,23157,11973,0.673,learned_ok
41,L,1383.4,632.4,152.3,235.2,82.9,26001,20414,0.672,learned_ok
41,R,685.8,671.9,140.1,231.0,91.8,22401,12208,0.668,learned_ok
42,L,1384.1,633.1,150.1,249.9,84.4,27356,19891,0.664,learned_ok
42,R,688.7,673.1,136.3,227.1,97.0,22558,11235,0.67,learned_ok
43,L,1387.1,635.5,156.9,249.6,84.3,27003,19333,0.664,learned_ok
43,R,688.3,673.7,140.1,224.1,88.8,22314,11443,0.67,learned_ok
44,L,1387.8,636.9,149.7,254.2,80.3,26775,19117,0.666,learned_ok
44,R,687.3,677.6,138.5,220.5,88.1,22245,10801,0.679,learned_ok
45,L,1379.8,638.4,148.2,244.1,84.4,26274,20209,0.661,learned_ok
45,R,686.5,680.7,126.8,227.5,89.7,20925,10905,0.682,learned_ok
46,L,1381.6,636.4,148.9,252.6,79.4,26570,19003,0.669,learned_ok
46,R,687.7,681.2,127.0,233.5,88.1,20804,11148,0.678,learned_ok
47,L,1385.2,633.8,148.5,262.4,80.9,27833,17524,0.66,learned_ok
47,R,686.1,681.4,121.4,240.2,87.7,20187,11261,0.673,learned_ok
48,L,1380.8,635.3,147.6,241.9,80.4,25899,19049,0.659,learned_ok
48,R,685.2,681.2,122.8,233.2,88.5,20083,10923,0.674,learned_ok
49,L,1385.9,635.1,149.9,240.9,81.6,26377,18172,0.659,learned_ok
49,R,690.5,676.3,140.5,215.4,89.3,21628,11114,0.681,learned_ok
50,L,1390.8,635.1,150.8,250.4,80.8,26604,18013,0.662,learned_ok
50,R,695.5,678.5,131.8,219.2,88.1,19484,11947,0.68,learned_ok
51,L,1394.4,636.3,150.7,254.3,88.3,26604,18434,0.664,learned_ok
51,R,700.3,677.4,128.6,223.6,84.6,19979,12017,0.681,learned_ok
52,L,1394.4,637.6,151.3,247.2,87.6,26434,17512,0.657,learned_ok
52,R,700.6,679.3,129.3,220.8,87.7,19822,11591,0.68,learned_ok
53,L,1399.0,636.4,152.1,264.9,85.8,27196,15282,0.666,learned_ok
53,R,699.6,680.9,128.6,232.7,91.3,19875,11061,0.688,learned_ok
54,L,1396.7,639.1,148.2,250.8,91.3,26946,16591,0.658,learned_ok
54,R,699.2,683.7,126.4,224.7,92.4,19380,11105,0.681,learned_ok
55,L,1401.5,637.9,153.7,261.6,86.2,27117,15646,0.664,learned_ok
55,R,700.1,680.9,123.4,238.0,91.0,20283,11443,0.682,learned_ok
56,L,1395.1,637.6,158.2,255.4,89.3,27868,14759,0.663,learned_ok
56,R,696.5,675.6,144.1,220.2,96.8,23356,11617,0.683,learned_ok
57,L,1398.4,641.1,150.6,267.3,86.9,28220,14713,0.662,learned_ok
57,R,695.7,680.2,144.0,214.4,94.4,21620,11174,0.683,learned_ok
58,L,1397.7,639.4,155.8,266.9,88.8,28607,14611,0.658,learned_ok
58,R,696.2,676.7,147.8,221.4,95.5,23712,10949,0.687,learned_ok
59,L,1398.8,639.1,157.3,266.8,97.7,28289,14815,0.663,learned_ok
59,R,701.3,681.5,140.0,222.4,92.7,20543,11001,0.677,learned_ok
60,L,1397.3,636.3,162.4,257.0,94.6,29620,15794,0.663,learned_ok
60,R,705.0,680.0,133.6,226.6,92.2,20526,11400,0.678,learned_ok
61,L,1395.1,636.3,159.1,263.8,90.7,29301,16727,0.663,learned_ok
61,R,702.9,680.7,137.3,216.7,92.5,20500,11713,0.678,learned_ok
62,L,1395.3,638.5,151.0,270.7,90.5,28448,16192,0.661,learned_ok
62,R,701.5,681.6,138.4,221.7,91.8,20291,10914,0.679,learned_ok
63,L,1403.7,641.4,154.8,252.2,87.0,26297,16784,0.664,learned_ok
63,R,705.3,680.9,141.6,217.8,91.3,20204,11365,0.678,learned_ok
64,L,1402.8,640.8,150.4,256.6,90.0,26115,16215,0.66,learned_ok
64,R,701.7,687.6,124.4,229.9,92.8,17478,11504,0.679,learned_ok
65,L,1402.7,644.4,142.6,261.0,89.2,26422,15271,0.662,learned_ok
65,R,704.6,682.5,138.9,227.5,97.9,20977,11400,0.681,learned_ok
66,L,1398.0,640.5,153.6,255.1,90.8,26673,15407,0.657,learned_ok
66,R,698.9,682.1,136.3,226.8,98.9,20899,11027,0.68,learned_ok
67,L,1398.0,641.6,148.1,255.3,90.7,26650,15180,0.658,learned_ok
67,R,700.8,679.5,141.3,219.1,97.8,21272,11027,0.681,learned_ok
68,L,1402.1,639.8,151.6,256.9,90.0,27048,15339,0.66,learned_ok
68,R,703.6,679.7,138.5,225.2,98.7,21698,10358,0.675,learned_ok
69,L,1405.1,639.4,151.3,248.9,86.9,26912,14531,0.663,learned_ok
69,R,702.9,681.7,142.0,226.6,94.7,20778,10402,0.675,learned_ok
70,L,1406.1,639.9,151.5,259.3,84.6,27128,14656,0.664,learned_ok
70,R,701.0,681.9,132.5,231.0,99.2,20630,10758,0.674,learned_ok
71,L,1400.4,639.1,151.1,263.4,86.9,27162,15851,0.666,learned_ok
71,R,698.8,684.0,136.8,225.0,98.4,20378,10037,0.674,learned_ok
72,L,1397.3,637.7,158.7,276.6,90.6,29768,15202,0.653,learned_ok
72,R,705.1,687.9,135.8,234.4,91.9,19310,10358,0.676,learned_ok
73,L,1403.9,642.2,158.0,269.8,89.3,27686,14941,0.659,learned_ok
73,R,702.8,692.1,116.7,230.9,94.0,17999,10688,0.673,learned_ok
74,L,1404.6,640.7,165.2,272.6,97.2,28823,14531,0.663,learned_ok
74,R,705.5,694.7,108.0,255.8,94.6,17956,10679,0.671,learned_ok
75,L,1408.0,643.8,154.1,284.5,90.7,28596,15646,0.656,learned_ok
75,R,707.0,693.1,116.3,253.6,94.7,19223,10879,0.678,learned_ok
76,L,1406.9,643.5,160.2,287.6,95.1,29870,13803,0.662,learned_ok
76,R,704.1,685.9,138.4,239.2,93.4,22358,10158,0.679,learned_ok
77,L,1411.2,642.6,158.0,287.2,92.6,30815,12688,0.663,learned_ok
77,R,705.7,688.4,132.7,247.6,94.1,21168,10697,0.677,learned_ok
78,L,1407.1,641.9,151.4,285.6,97.6,28004,11789,0.66,learned_ok
78,R,702.5,691.0,106.4,258.6,99.0,18720,10393,0.675,learned_ok
79,L,1408.5,637.0,150.3,285.8,93.9,26650,11698,0.661,learned_ok
79,R,706.1,684.8,110.3,249.9,100.0,19006,10211,0.673,learned_ok
80,L,1410.0,637.9,138.9,309.2,86.3,25614,12551,0.659,learned_ok
80,R,704.0,677.4,127.9,231.7,100.5,18468,11018,0.672,learned_ok
81,L,1402.4,631.9,143.8,290.3,87.7,28289,13689,0.664,learned_ok
81,R,697.3,672.6,151.5,228.8,84.9,22332,10975,0.663,learned_ok
82,L,1397.6,629.0,146.0,269.8,87.6,27708,13791,0.671,learned_ok
82,R,686.6,670.0,153.5,217.5,82.5,21090,11096,0.662,learned_ok
83,L,1396.3,629.4,151.3,268.5,84.3,28619,12756,0.665,learned_ok
83,R,693.1,670.5,145.7,246.1,82.2,22471,10723,0.669,learned_ok
84,L,1394.1,622.6,148.9,265.1,86.4,27959,12892,0.665,learned_ok
84,R,690.4,668.3,152.2,245.1,83.5,24025,9620,0.666,learned_ok
85,L,1395.5,627.4,155.7,283.2,89.8,29802,12221,0.664,learned_ok
85,R,690.7,667.6,158.1,230.8,88.8,23817,10341,0.666,learned_ok
86,L,1396.0,632.0,152.5,300.1,91.8,31054,10878,0.662,learned_ok
86,R,696.1,672.6,147.1,266.5,82.8,23573,11244,0.665,learned_ok
87,L,1398.0,638.7,158.6,298.5,91.6,30098,10093,0.663,learned_ok
87,R,704.0,672.8,135.0,260.6,98.0,21498,11487,0.676,learned_ok
88,L,1399.9,644.7,145.4,312.3,92.2,29028,9956,0.657,learned_ok
88,R,702.6,677.7,125.7,264.6,96.0,21863,11079,0.685,learned_ok
89,L,1399.0,649.0,153.5,313.8,89.4,30576,9592,0.659,learned_ok
89,R,698.8,686.9,133.1,259.7,93.2,21290,10766,0.677,learned_ok
90,L,1406.6,648.0,151.6,311.0,93.4,28186,10173,0.659,learned_ok
90,R,702.2,692.6,132.1,265.7,92.0,21472,11504,0.683,learned_ok
91,L,1398.5,649.9,157.0,303.7,90.4,27981,9797,0.658,learned_ok
91,R,699.4,695.8,132.0,262.4,93.4,22349,11200,0.674,learned_ok
92,L,1390.1,649.9,170.5,304.8,85.5,30223,9854,0.662,learned_ok
92,R,697.9,698.3,132.3,258.9,86.7,21793,11200,0.674,learned_ok
93,L,1388.0,655.9,146.2,316.8,85.1,28232,10230,0.661,learned_ok
93,R,696.4,702.1,140.4,264.3,88.0,23391,9698,0.672,learned_ok
94,L,1396.1,656.5,165.6,303.3,86.3,29552,9456,0.665,learned_ok
94,R,697.3,699.4,145.7,276.3,82.4,23139,10306,0.67,learned_ok
95,L,1397.3,653.4,156.0,312.8,86.9,29336,9149,0.669,learned_ok
95,R,702.2,697.5,149.6,261.1,90.8,21437,11852,0.669,learned_ok
96,L,1398.6,645.3,184.0,307.5,89.1,32306,10127,0.668,learned_ok
96,R,701.6,696.1,139.6,263.8,87.4,21351,12017,0.679,learned_ok
97,L,1395.1,649.6,173.6,306.9,91.3,32306,10457,0.667,learned_ok
97,R,699.9,697.1,152.3,255.7,86.0,22011,12086,0.676,learned_ok
98,L,1392.3,649.1,180.0,301.4,90.0,32237,9490,0.666,learned_ok
98,R,701.9,694.7,161.7,267.2,79.8,24911,9863,0.672,learned_ok
99,L,1393.8,652.4,148.0,320.2,87.9,30314,9399,0.669,learned_ok
99,R,695.8,691.2,168.4,272.1,81.1,25761,10801,0.673,learned_ok
100,L,1394.9,650.7,174.5,302.6,90.2,30235,8864,0.662,learned_ok
100,R,697.1,691.6,158.4,283.5,80.0,24381,9959,0.67,learned_ok
101,L,1402.7,654.7,179.8,301.9,90.2,29119,8693,0.664,learned_ok
101,R,698.4,690.2,166.2,276.8,82.3,24720,11166,0.682,learned_ok
102,L,1399.9,651.7,166.0,299.9,89.0,29757,9023,0.667,learned_ok
102,R,698.0,686.7,150.6,285.1,85.0,24945,11001,0.678,learned_ok
103,L,1398.6,648.4,166.6,308.2,93.8,31759,7316,0.672,learned_ok
103,R,694.0,682.8,161.5,280.7,82.9,25492,10375,0.677,learned_ok
104,L,1398.5,649.0,132.5,317.0,89.3,28528,7316,0.664,learned_ok
104,R,693.3,681.4,159.2,276.9,84.0,25076,10358,0.674,learned_ok
105,L,1401.0,650.2,146.6,320.3,90.8,28482,8773,0.666,learned_ok
105,R,693.2,681.2,149.7,279.6,81.7,24815,10141,0.674,learned_ok
106,L,1398.0,644.7,152.5,310.0,92.1,29609,8238,0.664,learned_ok
106,R,694.5,678.3,156.7,282.6,82.9,24902,11218,0.674,learned_ok
107,L,1401.5,644.5,140.4,320.2,90.5,27412,8966,0.665,learned_ok
107,R,695.7,674.7,154.4,282.8,84.4,23052,11921,0.66,learned_ok
108,L,1403.3,649.5,143.6,317.3,89.3,26274,8784,0.668,learned_ok
108,R,695.1,675.8,158.4,273.7,81.3,24077,12034,0.674,learned_ok
109,L,1405.1,649.0,134.6,319.7,86.9,25091,9262,0.67,learned_ok
109,R,697.1,681.7,145.7,279.0,84.2,21533,12329,0.671,learned_ok
110,L,1400.7,650.4,128.1,325.8,89.6,25023,10195,0.667,learned_ok
110,R,704.7,677.8,152.9,278.7,78.3,22966,12711,0.671,learned_ok
111,L,1398.2,655.3,131.5,322.9,89.1,25341,9820,0.671,learned_ok
111,R,703.8,688.0,126.6,268.8,93.7,20326,12538,0.673,learned_ok
112,L,1402.2,653.9,140.5,313.5,88.2,26240,10605,0.672,learned_ok
112,R,705.4,683.5,141.1,247.1,92.4,22601,12894,0.682,learned_ok
113,L,1402.1,651.9,157.4,326.3,91.0,29222,9888,0.665,learned_ok
113,R,706.2,684.4,147.3,249.8,88.0,22775,11912,0.678,learned_ok
114,L,1402.7,649.8,170.2,306.7,92.4,29916,9615,0.667,learned_ok
114,R,705.5,685.8,143.3,246.5,91.6,22384,12676,0.681,learned_ok
115,L,1401.8,648.5,174.1,291.5,91.6,29677,9661,0.66,learned_ok
115,R,707.2,685.7,146.1,247.2,94.9,23296,11556,0.678,learned_ok
116,L,1403.0,650.1,166.6,310.8,90.3,29791,9240,0.662,learned_ok
116,R,705.0,686.0,147.6,248.0,94.4,23955,11678,0.674,learned_ok
117,L,1404.8,651.3,152.2,324.1,87.5,30143,8432,0.674,learned_ok
117,R,704.7,689.3,135.1,251.9,99.1,22358,12824,0.679,learned_ok
118,L,1404.3,651.1,150.9,336.1,91.8,30849,8113,0.673,learned_ok
118,R,704.3,690.8,130.8,255.5,99.6,21498,12129,0.679,learned_ok
119,L,1402.7,650.8,149.6,318.5,90.1,30166,8272,0.671,learned_ok
119,R,706.3,690.4,125.2,256.2,99.3,21394,12286,0.676,learned_ok
120,L,1399.2,648.9,152.4,326.7,91.4,31964,7555,0.673,learned_ok
120,R,707.7,690.0,131.3,249.9,99.3,21915,11826,0.677,learned_ok
121,L,1400.2,649.3,151.1,329.0,89.4,31555,8113,0.667,learned_ok
121,R,706.4,689.9,128.1,244.9,98.7,21898,12208,0.685,learned_ok
122,L,1400.6,648.2,150.9,333.0,89.3,31372,7783,0.673,learned_ok
122,R,703.4,689.0,134.7,245.6,101.3,23400,11478,0.681,learned_ok
123,L,1403.2,647.9,159.8,319.9,89.8,32374,8261,0.67,learned_ok
123,R,702.6,690.7,149.9,238.0,92.5,22505,11773,0.68,learned_ok
124,L,1404.7,651.1,160.9,314.6,88.0,31088,8193,0.671,learned_ok
124,R,694.5,688.7,128.5,270.1,105.5,24841,11383,0.676,learned_ok
125,L,1404.7,652.0,162.7,308.1,86.8,30553,8682,0.671,learned_ok
125,R,695.9,690.1,138.6,266.9,106.0,25414,10723,0.672,learned_ok
126,L,1399.2,651.8,140.1,313.7,85.5,26707,9479,0.668,learned_ok
126,R,696.4,690.4,152.7,257.9,99.7,26265,10749,0.679,learned_ok
127,L,1399.2,652.5,137.3,328.2,84.9,27708,9296,0.665,learned_ok
127,R,694.6,691.1,152.4,255.9,101.0,25310,11539,0.682,learned_ok
128,L,1401.6,652.7,141.0,332.6,86.3,28198,9615,0.663,learned_ok
128,R,691.8,690.3,151.8,235.8,93.7,23738,11852,0.685,learned_ok
129,L,1403.0,652.5,142.5,319.1,82.6,27515,9342,0.666,learned_ok
129,R,692.5,691.7,146.1,242.1,94.8,22974,11982,0.683,learned_ok
130,L,1403.0,648.4,155.9,313.2,88.0,29893,8784,0.671,learned_ok
130,R,697.6,690.9,138.9,252.8,99.4,22723,12668,0.686,learned_ok
131,L,1395.2,645.1,155.7,323.1,90.7,28550,10184,0.654,learned_ok
131,R,700.9,683.1,136.9,264.1,101.7,23877,13067,0.685,learned_ok
132,L,1394.3,644.4,145.3,312.9,87.9,27663,10366,0.655,learned_ok
132,R,706.3,685.2,128.7,252.8,96.5,20856,13380,0.682,learned_ok
133,L,1392.2,640.5,146.9,306.5,89.1,29313,9888,0.654,learned_ok
133,R,700.8,674.3,142.1,247.0,98.0,23382,13423,0.678,learned_ok
134,L,1394.5,641.6,146.8,312.2,88.0,30007,8955,0.671,learned_ok
134,R,701.8,673.7,133.5,251.4,101.2,23348,13649,0.673,learned_ok
135,L,1401.6,641.7,159.2,312.5,91.2,29745,7897,0.665,learned_ok
135,R,706.5,681.7,121.2,257.6,93.4,20673,13215,0.678,learned_ok
136,L,1401.2,642.3,151.0,323.2,89.9,28414,7863,0.663,learned_ok
136,R,704.6,682.2,112.0,260.6,97.2,20048,13553,0.677,learned_ok
137,L,1401.6,640.1,142.6,309.5,88.5,27617,7396,0.668,learned_ok
137,R,706.4,679.1,128.5,244.3,92.7,18972,13944,0.676,learned_ok
138,L,1404.4,644.9,156.2,312.8,89.7,29028,7373,0.668,learned_ok
138,R,701.9,677.9,114.8,265.1,101.5,20534,13840,0.671,learned_ok
139,L,1401.6,642.9,139.3,326.0,89.7,26457,8352,0.668,learned_ok
139,R,705.8,671.4,135.8,257.8,102.2,22922,14422,0.674,learned_ok
140,L,1402.6,645.4,132.7,320.9,87.2,27765,7931,0.668,learned_ok
140,R,700.9,669.8,131.2,240.2,99.4,21012,14448,0.677,learned_ok
141,L,1401.2,643.4,124.3,315.9,88.7,27230,7931,0.668,learned_ok
141,R,702.3,669.0,127.6,226.1,103.5,19901,14179,0.676,learned_ok
142,L,1401.9,641.8,135.3,310.5,88.6,27583,8227,0.663,learned_ok
142,R,710.5,669.6,128.7,245.6,102.8,21342,14378,0.68,learned_ok
143,L,1398.4,634.6,126.4,320.4,84.5,26445,8477,0.666,learned_ok
143,R,707.7,666.4,133.3,221.8,104.2,20456,15229,0.678,learned_ok
144,L,1393.2,627.3,137.2,309.7,85.8,26092,8796,0.666,learned_ok
144,R,710.8,666.6,120.3,240.2,103.7,19449,14057,0.689,learned_ok
145,L,1396.4,630.5,149.6,314.7,91.6,30303,10104,0.664,learned_ok
145,R,714.7,664.3,122.2,235.4,102.1,19301,14578,0.681,learned_ok
146,L,1396.6,630.1,151.1,320.6,90.2,30098,9535,0.661,learned_ok
146,R,713.4,660.0,122.2,232.8,105.0,19328,14535,0.678,learned_ok
147,L,1394.4,630.1,151.9,314.1,92.4,30200,11197,0.665,learned_ok
147,R,711.7,660.4,124.5,230.5,102.1,18824,13901,0.68,learned_ok
148,L,1392.3,626.9,147.3,308.3,89.3,29688,9763,0.661,learned_ok
148,R,708.9,662.0,142.0,221.1,96.6,19605,14040,0.675,learned_ok
149,L,1393.1,626.0,138.5,309.6,88.3,28710,10503,0.66,learned_ok
149,R,708.5,660.3,135.5,208.9,97.0,18225,14474,0.669,learned_ok
150,L,1392.0,624.0,145.0,307.5,89.7,29256,10799,0.657,learned_ok
150,R,701.8,658.5,143.4,213.7,93.1,19076,13979,0.672,learned_ok
151,L,1390.9,623.4,139.6,293.4,89.9,28152,14576,0.65,learned_ok
151,R,701.0,662.7,141.5,228.7,85.4,19675,14500,0.67,learned_ok
152,L,1392.5,621.0,140.4,304.1,91.3,26787,15498,0.646,learned_ok
152,R,697.7,662.9,142.5,219.2,85.9,19961,14404,0.664,learned_ok
153,L,1395.6,623.8,144.0,300.8,92.5,28129,15783,0.648,learned_ok
153,R,693.8,662.6,145.1,194.9,71.0,18390,13701,0.666,learned_ok
154,L,1395.7,624.7,145.3,286.2,90.8,26593,14190,0.66,learned_ok
154,R,696.0,650.7,115.2,217.3,94.2,16697,13666,0.672,learned_ok
155,L,1398.1,624.1,141.6,288.1,89.5,26297,15157,0.659,learned_ok
155,R,697.6,652.1,112.1,225.0,94.9,17773,13953,0.664,learned_ok
156,L,1394.1,625.7,146.5,290.0,87.9,27663,13996,0.663,learned_ok
156,R,694.7,654.5,118.8,222.0,95.5,18815,13744,0.664,learned_ok
157,L,1395.1,626.2,148.8,289.2,89.4,28414,13734,0.663,learned_ok
157,R,696.0,658.3,119.8,218.3,97.1,19397,13840,0.672,learned_ok
158,L,1395.8,627.1,155.6,298.7,92.5,30007,13336,0.667,learned_ok
158,R,698.0,663.1,117.2,238.0,98.8,18893,14022,0.674,learned_ok
159,L,1397.2,628.5,159.7,291.3,90.3,28926,12983,0.664,learned_ok
159,R,695.1,666.4,116.4,240.5,97.3,19449,14100,0.676,learned_ok
160,L,1398.3,629.3,154.3,301.2,92.2,29301,13723,0.663,learned_ok
160,R,693.2,666.2,122.7,236.5,96.2,20135,13918,0.677,learned_ok
161,L,1400.4,630.6,150.3,318.4,91.9,29392,13746,0.66,learned_ok
161,R,696.9,665.8,119.2,223.0,102.9,19258,14153,0.678,learned_ok
162,L,1391.4,629.1,156.8,298.7,91.5,29495,14076,0.667,learned_ok
162,R,697.1,664.4,118.1,224.2,105.4,19466,14448,0.673,learned_ok
163,L,1391.7,627.0,152.5,297.4,92.3,28767,11413,0.665,learned_ok
163,R,698.3,664.6,117.4,214.9,107.0,19354,14509,0.672,learned_ok
164,L,1388.0,622.9,155.1,292.2,92.7,29609,11800,0.669,learned_ok
164,R,694.8,661.5,122.7,227.8,99.4,18416,14231,0.667,learned_ok
165,L,1382.8,622.8,152.2,291.0,92.2,29279,13234,0.666,learned_ok
165,R,690.6,658.6,122.2,209.6,105.7,17930,13727,0.669,learned_ok
166,L,1381.4,624.0,158.4,295.7,89.9,31452,10924,0.665,learned_ok
166,R,692.9,656.6,120.8,221.8,100.2,18277,13623,0.669,learned_ok
167,L,1379.5,623.6,152.9,292.7,92.2,30781,11254,0.665,learned_ok
167,R,695.8,658.0,118.6,203.8,111.7,17739,13849,0.664,learned_ok
168,L,1381.0,622.7,151.8,296.3,92.0,30303,11288,0.662,learned_ok
168,R,706.0,657.3,113.8,221.8,104.9,19579,13050,0.671,learned_ok
169,L,1378.8,623.1,154.3,274.0,88.6,28630,12369,0.662,learned_ok
169,R,707.5,658.9,112.5,232.7,105.1,19249,14135,0.671,learned_ok
170,L,1380.5,623.7,150.7,275.2,84.3,28471,12266,0.664,learned_ok
170,R,705.9,659.3,116.5,232.8,103.8,19840,13276,0.679,learned_ok
171,L,1389.0,625.4,149.8,300.1,91.6,28061,12665,0.669,learned_ok
171,R,709.4,661.4,114.2,242.0,103.7,20943,13310,0.671,learned_ok
172,L,1381.8,623.6,145.1,285.9,87.5,27094,11880,0.669,learned_ok
172,R,705.7,661.4,113.1,238.5,103.7,20595,13449,0.675,learned_ok
173,L,1386.6,626.6,142.8,300.6,91.2,28232,11925,0.669,learned_ok
173,R,702.3,662.4,115.1,239.5,104.1,21090,13302,0.672,learned_ok
174,L,1385.4,626.9,144.6,295.4,92.5,28528,11971,0.662,learned_ok
174,R,703.8,661.7,117.4,237.3,103.3,20630,13536,0.679,learned_ok
175,L,1381.6,623.0,143.8,280.2,88.8,26730,12301,0.666,learned_ok
175,R,702.9,659.6,116.5,232.7,103.3,20456,13414,0.677,learned_ok
176,L,1393.2,622.7,145.7,273.9,90.5,27515,13359,0.672,learned_ok
176,R,699.7,658.6,119.1,235.6,102.8,20960,12867,0.672,learned_ok
177,L,1384.6,620.7,145.2,261.2,90.1,26343,14497,0.665,learned_ok
177,R,698.3,656.4,115.7,239.2,100.9,20673,12989,0.669,learned_ok
178,L,1387.3,619.0,143.1,269.5,90.3,26604,14167,0.669,learned_ok
178,R,696.8,655.0,116.3,237.0,102.4,20986,12946,0.671,learned_ok
179,L,1381.9,618.4,144.8,286.5,92.2,25660,17455,0.662,learned_ok
179,R,696.1,653.1,118.1,238.1,98.9,20969,13892,0.669,learned_ok
180,L,1377.3,613.5,137.4,295.4,91.7,25023,17399,0.662,learned_ok
180,R,684.9,649.3,121.2,235.2,97.3,19492,16115,0.667,learned_ok
181,L,1382.0,613.3,131.3,277.5,91.9,23168,20926,0.66,learned_ok
181,R,685.9,653.4,139.6,226.6,90.7,20083,15316,0.664,learned_ok
182,L,1381.4,612.5,135.2,272.5,92.5,23600,21768,0.652,learned_ok
182,R,682.6,649.3,116.1,244.8,95.9,19519,15785,0.66,learned_ok
183,L,1383.2,613.2,130.0,267.7,90.8,22167,22997,0.651,learned_ok
183,R,685.9,649.0,110.7,250.2,94.3,19189,16922,0.661,learned_ok
184,L,1370.6,610.9,139.2,255.3,91.0,22804,20778,0.656,learned_ok
184,R,686.7,650.2,111.7,245.6,93.1,19163,16289,0.666,learned_ok
185,L,1372.4,611.4,134.3,277.7,91.4,23316,19356,0.659,learned_ok
185,R,695.4,652.4,115.0,235.9,97.0,19050,16219,0.666,learned_ok
186,L,1365.3,610.3,134.3,240.8,77.2,22986,18013,0.666,learned_ok
186,R,701.8,652.9,117.8,232.7,96.2,19128,16940,0.673,learned_ok
187,L,1364.6,613.9,140.7,249.5,80.6,25046,16272,0.668,learned_ok
187,R,701.8,652.6,112.1,225.4,103.0,18338,17226,0.673,learned_ok
188,L,1367.3,615.9,141.0,252.8,75.0,25273,15885,0.669,learned_ok
188,R,701.3,654.5,116.5,248.0,104.6,18616,16618,0.678,learned_ok
189,L,1368.2,616.8,129.2,265.0,76.3,26172,13370,0.676,learned_ok
189,R,684.2,652.1,116.7,222.6,89.0,16914,15359,0.68,learned_ok
190,L,1375.0,619.1,138.2,259.5,76.3,26934,10992,0.685,learned_ok
190,R,682.1,655.8,125.3,239.1,85.3,18998,14213,0.686,learned_ok
191,L,1376.6,620.7,138.6,267.1,78.7,27424,10844,0.685,learned_ok
191,R,672.3,663.6,143.6,250.9,71.4,21325,13944,0.692,learned_ok
192,L,1378.1,622.3,142.7,271.1,75.6,28676,11231,0.696,learned_ok
192,R,671.9,664.3,140.9,255.8,74.8,22870,13606,0.7,learned_ok
193,L,1378.5,624.9,151.0,278.6,78.6,30189,10673,0.694,learned_ok
193,R,670.5,668.9,143.6,253.2,72.9,23148,13684,0.697,learned_ok
194,L,1378.6,630.2,146.8,286.6,78.4,29916,10298,0.691,learned_ok
194,R,668.6,671.4,148.1,261.5,73.7,24676,13744,0.699,learned_ok
195,L,1375.0,630.5,146.9,269.3,79.6,30143,10958,0.7,learned_ok
195,R,665.7,675.6,141.7,269.3,75.3,23565,13241,0.699,learned_ok
196,L,1373.6,628.4,147.4,276.7,78.4,30212,11732,0.696,learned_ok
196,R,665.1,676.7,138.0,272.2,80.9,22063,13970,0.696,learned_ok
197,L,1365.6,625.1,148.6,271.9,77.7,28550,12471,0.688,learned_ok
197,R,657.2,668.9,131.6,261.7,76.6,20126,13944,0.683,learned_ok
198,L,1360.8,619.9,148.1,251.4,71.5,26832,12392,0.686,learned_ok
198,R,663.0,661.5,116.4,259.4,90.1,19744,14656,0.683,learned_ok
199,L,1355.8,619.9,141.7,241.9,71.8,25603,14963,0.676,learned_ok
199,R,665.0,657.2,114.5,256.6,91.0,17825,15603,0.679,learned_ok
200,L,1355.0,620.1,148.7,237.9,67.6,24818,14986,0.669,learned_ok
200,R,675.6,656.3,116.3,262.9,100.3,17869,16792,0.667,learned_ok
201,L,1357.5,618.2,135.0,235.4,67.9,23339,16215,0.671,learned_ok
201,R,672.1,657.4,113.8,245.2,95.0,16723,16653,0.676,learned_ok
202,L,1352.9,618.3,150.3,233.9,69.4,25125,16306,0.677,learned_ok
202,R,672.9,657.0,115.8,267.1,97.4,18442,15915,0.68,learned_ok
203,L,1356.0,621.2,148.8,246.3,69.1,26764,15566,0.679,learned_ok
203,R,675.9,655.5,119.4,278.8,98.3,20673,14977,0.679,learned_ok
204,L,1355.3,622.4,144.1,247.7,68.0,25774,13916,0.685,learned_ok
204,R,670.6,657.0,124.0,284.7,92.4,21351,14291,0.688,learned_ok
205,L,1359.4,625.3,146.4,268.5,71.9,29074,13006,0.694,learned_ok
205,R,668.4,664.6,148.9,291.3,85.6,23903,13840,0.69,learned_ok
206,L,1363.9,628.6,148.0,271.3,76.8,30223,12471,0.695,learned_ok
206,R,666.6,668.5,143.2,280.5,77.5,24120,13814,0.694,learned_ok
207,L,1364.0,631.4,143.0,285.8,74.2,30712,12084,0.704,learned_ok
207,R,664.7,672.7,140.8,271.3,74.4,24285,13935,0.698,learned_ok
208,L,1363.0,632.5,148.1,281.4,75.8,31418,11800,0.71,learned_ok
208,R,662.2,675.7,138.4,280.4,77.2,23851,13953,0.699,learned_ok
209,L,1363.9,632.5,145.5,277.2,76.1,31122,11914,0.706,learned_ok
209,R,661.2,674.0,144.1,270.7,78.5,25058,13571,0.704,learned_ok
210,L,1362.1,631.8,148.5,265.4,73.3,30473,11276,0.705,learned_ok
210,R,660.4,673.4,140.3,281.4,77.9,24329,14005,0.706,learned_ok
211,L,1361.2,626.0,150.2,275.7,72.4,29449,12870,0.705,learned_ok
211,R,656.5,668.3,145.8,278.3,82.9,24103,13944,0.701,learned_ok
212,L,1358.6,624.5,151.0,269.2,77.1,28584,14235,0.692,learned_ok
212,R,660.4,664.7,144.4,282.0,83.8,23738,14005,0.694,learned_ok
213,L,1354.8,621.3,147.0,273.9,75.4,26559,14520,0.689,learned_ok
213,R,668.0,655.7,127.7,280.4,93.0,22827,14474,0.689,learned_ok
214,L,1348.1,620.5,143.3,268.2,76.3,26957,14747,0.685,learned_ok
214,R,654.5,656.4,133.1,289.2,86.7,22071,14422,0.681,learned_ok
215,L,1346.2,620.0,153.2,246.2,71.8,26229,16625,0.676,learned_ok
215,R,654.9,652.9,118.0,254.7,91.8,18928,15142,0.67,learned_ok
216,L,1342.5,619.9,145.7,266.1,82.1,25137,17649,0.676,learned_ok
216,R,656.2,652.8,120.8,259.9,90.7,19692,15038,0.67,learned_ok
217,L,1344.7,618.6,145.3,264.1,80.6,24989,17330,0.676,learned_ok
217,R,660.4,650.6,117.5,276.5,95.7,20048,16150,0.665,learned_ok
218,L,1346.5,619.6,142.0,277.4,83.7,25114,17296,0.675,learned_ok
218,R,661.1,653.1,123.4,281.4,99.0,19918,15768,0.664,learned_ok
219,L,1346.0,617.8,140.4,264.7,80.3,24488,15612,0.677,learned_ok
219,R,661.8,653.0,120.2,264.5,96.7,18694,15872,0.662,learned_ok
220,L,1342.1,618.6,143.7,286.4,81.3,25523,17080,0.674,learned_ok
220,R,661.6,654.2,118.8,276.3,94.2,20474,15351,0.668,learned_ok
221,L,1342.9,619.1,142.2,280.9,79.9,26218,17854,0.677,learned_ok
221,R,661.4,654.4,123.0,278.1,96.4,21446,15351,0.672,learned_ok
222,L,1343.4,619.1,144.3,283.5,77.9,26536,16795,0.684,learned_ok
222,R,666.1,656.0,126.1,275.7,97.2,21906,14856,0.676,learned_ok
223,L,1347.7,621.1,146.5,270.0,76.4,26707,15123,0.688,learned_ok
223,R,661.4,656.2,125.3,289.8,95.2,22037,14986,0.681,learned_ok
224,L,1347.8,620.6,142.2,274.7,77.9,26388,15521,0.691,learned_ok
224,R,662.2,656.9,130.3,284.5,95.3,22028,14578,0.681,learned_ok
225,L,1346.6,623.9,145.9,288.1,79.8,27162,15510,0.689,learned_ok
225,R,652.9,656.4,126.1,273.0,87.1,22766,15056,0.678,learned_ok
226,L,1333.6,626.6,151.8,226.6,67.2,25501,12562,0.7,learned_ok
226,R,650.6,667.6,143.9,281.9,76.9,26404,11799,0.685,learned_ok
227,L,1337.8,634.5,148.1,296.7,87.0,26229,12039,0.695,learned_ok
227,R,656.9,680.2,125.5,304.2,79.6,23148,11079,0.674,learned_ok
228,L,1336.6,635.1,143.0,320.2,91.4,25933,12585,0.691,learned_ok
228,R,657.1,679.6,128.6,298.3,78.9,22610,11973,0.67,learned_ok
229,L,1335.1,634.7,143.8,310.5,85.7,26354,12505,0.687,learned_ok
229,R,658.0,679.9,130.4,304.6,82.7,22358,12069,0.665,learned_ok
230,L,1347.8,632.4,147.9,326.7,89.4,27788,12312,0.683,learned_ok
230,R,665.9,677.9,144.8,279.8,86.2,23487,11799,0.664,learned_ok
231,L,1346.4,633.0,146.6,326.4,88.7,27560,12358,0.686,learned_ok
231,R,666.1,675.9,149.0,286.6,84.6,24476,11087,0.664,learned_ok
232,L,1345.4,630.9,143.7,311.5,85.0,27526,12449,0.684,learned_ok
232,R,667.5,677.0,143.1,285.1,84.6,24034,10506,0.663,learned_ok
233,L,1337.9,625.6,144.0,286.9,76.3,27822,13165,0.682,learned_ok
233,R,663.2,675.1,150.0,290.4,85.4,22731,10949,0.659,learned_ok
234,L,1344.2,629.5,146.6,309.8,87.5,26343,11789,0.68,learned_ok
234,R,649.7,673.4,152.1,273.9,86.5,22419,11209,0.66,learned_ok
235,L,1339.8,638.1,134.3,275.4,83.9,22952,11709,0.677,learned_ok
235,R,643.4,677.9,139.2,275.5,84.0,22175,10349,0.659,learned_ok
236,L,1344.1,639.1,138.0,257.7,80.8,23726,10377,0.68,learned_ok
236,R,640.4,676.4,126.8,260.7,74.7,21533,9759,0.654,learned_ok
237,L,1357.4,641.9,135.2,300.7,87.2,26024,8841,0.681,learned_ok
237,R,639.5,675.8,129.8,249.1,73.0,21064,9542,0.649,learned_ok
238,L,1355.6,643.0,142.4,273.6,90.2,25694,9137,0.685,learned_ok
238,R,640.6,677.9,128.5,259.6,71.6,22149,9056,0.648,learned_ok
239,L,1357.5,644.0,142.6,265.2,87.6,25398,9296,0.682,learned_ok
239,R,652.4,677.7,133.9,285.4,79.9,23643,9273,0.652,learned_ok
240,L,1366.8,637.6,150.6,285.9,83.6,28983,8671,0.683,learned_ok
240,R,643.9,678.1,129.4,265.6,69.1,22731,8943,0.648,learned_ok
241,L,1363.0,638.3,145.3,290.4,80.9,27890,8648,0.69,learned_ok
241,R,639.8,682.1,129.6,244.2,72.3,21429,8917,0.649,learned_ok
242,L,1364.5,640.0,149.0,282.2,79.6,28163,7897,0.688,learned_ok
242,R,645.7,682.7,154.4,276.5,94.9,22149,10393,0.653,learned_ok
243,L,1364.6,642.8,149.0,282.8,79.1,28710,8113,0.69,learned_ok
243,R,639.7,683.7,135.3,251.0,75.6,20743,10341,0.646,learned_ok
244,L,1360.3,644.8,148.7,290.9,82.5,28471,8306,0.692,learned_ok
244,R,646.2,683.3,153.9,281.7,95.4,21950,11296,0.654,learned_ok
245,L,1361.0,646.9,154.1,281.5,77.9,29028,8375,0.693,learned_ok
245,R,657.4,677.9,161.3,278.2,84.7,24772,11357,0.66,learned_ok
246,L,1358.3,643.2,140.1,283.6,78.7,28038,8739,0.7,learned_ok
246,R,652.8,679.4,158.4,277.3,85.9,24416,10714,0.668,learned_ok
247,L,1338.8,638.4,141.3,284.2,84.4,25125,12426,0.693,learned_ok
247,R,652.8,667.3,134.2,287.2,80.6,23348,11852,0.662,learned_ok
248,L,1339.3,624.9,139.3,260.5,69.0,26172,13837,0.684,learned_ok
248,R,654.5,658.2,130.7,290.3,87.8,23912,13597,0.661,learned_ok
249,L,1339.7,624.8,148.5,255.8,64.7,27492,14542,0.695,learned_ok
249,R,647.8,659.3,139.0,283.6,83.4,23608,14847,0.667,learned_ok
250,L,1341.7,627.0,136.0,260.0,68.6,26252,14622,0.698,learned_ok
250,R,647.4,660.6,152.8,282.5,86.2,23599,13909,0.672,learned_ok
251,L,1340.2,627.6,135.9,301.5,80.1,26525,14224,0.687,learned_ok
251,R,648.8,664.2,129.6,289.3,78.9,21793,15064,0.666,learned_ok
252,L,1335.2,628.6,133.7,272.5,72.5,25535,14781,0.685,learned_ok
252,R,651.2,663.1,122.4,306.4,75.5,21958,15950,0.663,learned_ok
253,L,1339.0,629.0,143.5,320.4,86.4,25808,14042,0.683,learned_ok
253,R,650.5,666.5,125.7,292.8,76.4,20943,16037,0.658,learned_ok
254,L,1338.6,630.5,147.8,323.3,88.0,25080,13029,0.678,learned_ok
254,R,644.3,671.2,132.3,279.2,80.2,18642,15785,0.653,learned_ok
255,L,1331.8,636.1,134.0,328.1,88.5,23555,13006,0.675,learned_ok
255,R,636.5,676.7,113.7,266.0,75.1,17652,15568,0.655,learned_ok
256,L,1340.0,640.0,145.7,331.1,91.7,24477,11993,0.667,learned_ok
256,R,642.5,678.8,123.2,280.5,81.6,18034,15264,0.646,learned_ok
257,L,1341.4,642.0,125.8,344.1,88.9,23771,11572,0.667,learned_ok
257,R,641.7,677.1,123.0,287.1,77.0,17617,15889,0.646,learned_ok
258,L,1337.2,639.8,128.1,311.3,80.7,24124,12028,0.677,learned_ok
258,R,641.9,677.1,117.7,270.1,71.9,19084,15116,0.651,learned_ok
259,L,1340.8,639.4,138.6,324.3,89.2,24636,12358,0.676,learned_ok
259,R,635.4,680.4,118.5,258.9,78.8,17617,14639,0.655,learned_ok
260,L,1344.5,637.5,138.7,321.7,85.5,25193,12016,0.682,learned_ok
260,R,639.0,681.0,112.7,270.3,71.5,18989,13710,0.658,learned_ok
261,L,1342.0,639.7,138.5,306.8,84.3,24499,11663,0.69,learned_ok
261,R,638.0,682.6,125.0,272.4,73.0,18815,13223,0.659,learned_ok
262,L,1347.7,640.1,141.5,296.8,83.3,25740,10491,0.7,learned_ok
262,R,636.7,688.1,123.0,282.0,79.9,19605,13085,0.669,learned_ok
263,L,1352.2,638.4,137.2,293.3,81.3,27196,10787,0.701,learned_ok
263,R,637.6,688.8,124.3,259.7,77.3,19779,13345,0.669,learned_ok
264,L,1350.4,641.0,134.1,302.5,83.9,27686,10321,0.697,learned_ok
264,R,638.3,690.6,122.1,275.4,76.9,19762,13579,0.668,learned_ok
265,L,1351.2,643.7,136.9,302.5,82.1,27879,10446,0.699,learned_ok
265,R,637.8,694.2,108.6,280.8,73.6,18885,13058,0.668,learned_ok
266,L,1352.7,643.3,141.3,305.4,82.9,28380,11254,0.702,learned_ok
266,R,632.1,695.3,115.1,257.5,79.0,17964,13414,0.665,learned_ok
267,L,1345.8,638.5,133.6,307.5,79.0,28835,12483,0.702,learned_ok
267,R,637.2,687.2,130.3,272.3,82.4,18702,14456,0.656,learned_ok
268,L,1347.7,637.8,136.0,335.5,81.7,28562,12210,0.696,learned_ok
268,R,635.0,684.5,124.6,258.9,78.2,18329,14404,0.655,learned_ok
269,L,1344.6,640.9,128.1,333.4,82.9,26957,12358,0.692,learned_ok
269,R,641.7,684.7,141.1,273.2,85.9,18650,15047,0.655,learned_ok
270,L,1336.7,637.4,134.4,299.8,77.4,27549,13234,0.687,learned_ok
270,R,641.7,685.3,115.8,267.7,75.1,17643,14717,0.655,learned_ok
271,L,1338.6,637.4,134.9,312.2,80.1,28710,12779,0.681,learned_ok
271,R,638.1,687.2,99.9,288.7,74.0,16254,15412,0.657,learned_ok
272,L,1337.1,635.0,147.1,302.3,81.6,29279,12926,0.676,learned_ok
272,R,642.6,686.8,111.8,272.0,77.6,17087,15325,0.656,learned_ok
273,L,1338.1,638.0,140.3,306.0,78.2,28846,12961,0.681,learned_ok
273,R,631.8,690.7,108.8,270.6,81.4,16167,14943,0.659,learned_ok
274,L,1342.3,636.3,128.7,328.4,78.2,27697,12665,0.682,learned_ok
274,R,652.1,685.1,125.8,295.1,84.6,19458,12833,0.655,learned_ok
275,L,1341.8,636.6,127.7,311.3,74.3,26900,12915,0.683,learned_ok
275,R,654.2,687.1,113.2,297.0,86.8,18798,12390,0.658,learned_ok
276,L,1342.2,633.3,136.9,313.2,73.7,27947,13291,0.683,learned_ok
276,R,653.2,687.4,108.2,298.7,86.4,17982,12416,0.655,learned_ok
277,L,1337.8,633.6,138.6,294.0,75.2,27913,12801,0.68,learned_ok
277,R,667.5,677.7,113.8,327.0,79.4,21950,12069,0.664,learned_ok
278,L,1341.6,633.4,136.3,293.2,75.4,27401,12870,0.677,learned_ok
278,R,666.7,675.9,121.1,306.3,79.5,21628,13145,0.66,learned_ok
279,L,1346.5,635.4,142.1,331.7,84.1,26934,12892,0.679,learned_ok
279,R,658.6,673.4,119.0,303.8,78.3,20830,13024,0.659,learned_ok
280,L,1342.9,634.5,136.9,342.7,84.8,26422,12722,0.676,learned_ok
280,R,644.7,671.4,123.9,268.2,79.6,19423,14057,0.659,learned_ok
281,L,1341.9,629.6,140.4,331.6,84.6,28004,12073,0.675,learned_ok
281,R,644.3,669.8,122.3,263.1,80.2,18937,14170,0.661,learned_ok
282,L,1340.2,629.6,126.7,302.3,79.1,25853,13052,0.674,learned_ok
282,R,652.2,671.5,118.4,300.9,81.7,20578,13388,0.654,learned_ok
283,L,1338.9,631.6,122.8,308.8,82.0,24135,13484,0.673,learned_ok
283,R,655.6,668.8,121.0,288.6,81.5,20613,13432,0.652,learned_ok
284,L,1341.4,629.8,124.3,324.6,82.8,24363,13473,0.669,learned_ok
284,R,652.4,667.5,126.2,292.1,82.7,20543,13276,0.654,learned_ok
285,L,1337.9,630.9,128.0,310.3,82.1,24351,13495,0.667,learned_ok
285,R,647.3,666.0,143.7,273.7,88.0,18155,13354,0.652,learned_ok
286,L,1338.1,627.8,126.8,301.9,79.5,23669,13575,0.664,learned_ok
286,R,649.3,665.5,118.7,287.4,83.2,19171,14387,0.646,learned_ok
287,L,1346.0,625.2,131.6,303.8,79.1,24772,13769,0.664,learned_ok
287,R,648.0,666.5,115.9,281.7,84.9,18980,14144,0.645,learned_ok
288,L,1344.7,619.6,125.6,302.5,76.8,25273,13951,0.667,learned_ok
288,R,654.7,669.9,125.2,280.3,89.1,18668,13362,0.643,learned_ok
289,L,1347.1,620.4,143.3,286.1,80.5,26809,15760,0.665,learned_ok
289,R,651.1,667.0,129.0,286.2,91.5,19180,13831,0.644,learned_ok
290,L,1346.7,619.5,147.2,291.9,81.0,26639,16568,0.667,learned_ok
290,R,648.2,665.9,121.5,283.7,89.2,17747,14969,0.643,learned_ok
291,L,1345.5,619.2,131.1,285.1,78.8,25785,16966,0.661,learned_ok
291,R,646.5,659.2,119.3,270.9,87.9,15872,16297,0.646,learned_ok
292,L,1348.4,618.0,143.7,322.4,93.5,25956,17865,0.662,learned_ok
292,R,652.4,653.4,121.1,273.0,88.3,15577,17582,0.641,learned_ok
293,L,1338.5,616.8,128.7,311.4,82.2,25023,18354,0.656,learned_ok
293,R,656.2,653.4,135.8,274.9,92.2,16792,17713,0.638,learned_ok
294,L,1342.5,615.6,142.9,291.6,81.5,24841,19276,0.655,learned_ok
294,R,658.6,651.1,126.6,262.8,86.5,16401,16219,0.629,learned_ok
295,L,1338.6,610.9,121.2,299.0,82.8,22235,20824,0.653,learned_ok
295,R,652.2,651.8,134.9,236.2,90.4,15038,16089,0.633,learned_ok
296,L,1337.8,617.6,138.0,290.1,84.8,23464,19390,0.657,learned_ok
296,R,645.3,653.1,132.8,243.8,87.4,14726,16080,0.635,learned_ok
297,L,1337.5,612.4,133.2,284.1,83.3,23487,21188,0.654,learned_ok
297,R,629.9,650.8,143.2,249.6,91.6,12737,17435,0.636,learned_ok
298,L,1334.8,614.3,137.3,285.2,84.1,21336,20152,0.655,learned_ok
298,R,643.3,646.6,115.9,259.7,92.3,12703,16245,0.637,learned_ok
299,L,1338.5,612.7,133.0,283.8,85.0,22155,19925,0.656,learned_ok
299,R,644.2,649.8,146.4,282.9,100.0,13128,16097,0.637,learned_ok
300,L,1340.0,614.7,131.6,273.6,83.3,21996,20039,0.654,learned_ok
300,R,640.2,652.1,138.0,259.7,92.7,13527,15620,0.638,learned_ok
301,L,1345.6,609.2,128.5,281.9,85.1,21142,19629,0.657,learned_ok
301,R,643.1,652.8,129.5,260.9,91.7,13970,15177,0.644,learned_ok
302,L,1344.4,613.7,133.0,283.3,87.1,22872,19071,0.654,learned_ok
302,R,645.6,656.2,127.9,268.5,91.5,14778,15038,0.64,learned_ok
303,L,1344.5,616.3,136.8,270.1,83.0,22553,18457,0.659,learned_ok
303,R,617.2,655.1,127.7,220.2,81.5,12485,14812,0.647,learned_ok
